0,WHAT IS JAVA?,*,*,Java is a programming language.,basic.aiml
0,WHAT IS A CHATBOT?,*,*,Chatbot is a computer program designed to simulate#Newline        conversation with human users#Comma especially over the Internet.,basic.aiml
0,WHAT IS INDIA?,*,*,wonderful country.,basic.aiml
0,WHO IS THE PRIME MINISTER OF INDIA?,*,*,Narendra Modi.,basic.aiml
0,WHERE IS SILICON INSTITUTE OF TECHNOLOGY?,*,*,Silicon Institute of Technology is in Patia.,basic.aiml
0,HOW WERE YOU MADE?,*,*,I was made using NLP#Comma ML#Comma AIML,basic.aiml
